1, a, 5fb1b9d8e1af0600177092b3
1, b, 5fb1b9d8e1af0600177092b9
1, d, 5fb1b9d8e1af0600177092bf
2, a, 5fb1b9d8e1af0600177092c5
3, a, 5fb1b9d8e1af0600177092cb
3, c, 5fb1b9d8e1af0600177092d2
4, a, 5fb1b9d8e1af0600177092d8
5, a, 5fb1b9d8e1af0600177092de
6, a, 5fb1b9d8e1af0600177092e5
7, a, 5fb1b9d8e1af0600177092ec
7, b, 5fb1b9d8e1af0600177092f2
8, a, 5fb1b9d8e1af0600177092fa
8, b, 5fb1b9d8e1af060017709300
8, c, 5fb1b9d8e1af060017709306
8, d, 5fb1b9d9e1af06001770930d
9, a, 5fb1b9d9e1af060017709313
9, b, 5fb1b9d9e1af06001770931a
9, c, 5fb1b9d9e1af060017709321
9, e, 5fb1b9d9e1af060017709327
10, a, 5fb1b9d9e1af06001770932f
11, a, 5fb1b9d9e1af060017709335
12, a, 5fb1b9d9e1af06001770933c
12, b, 5fb1b9d9e1af060017709343
13, a, 5fb1b9d9e1af060017709349
13, b, 5fb1b9d9e1af06001770934f
13, d, 5fb1b9d9e1af060017709357
14, a, 5fb1b9d9e1af06001770935f
15, a, 5fb1b9d9e1af060017709366
16, a, 5fb1b9d9e1af06001770936c
17, a, 5fb1b9d9e1af060017709373
18, a, 5fb1b9d9e1af060017709379
19, a, 5fb1b9d9e1af06001770937f
20, a, 5fb1b9d9e1af060017709386
21, a, 5fb1b9d9e1af06001770938e
21, b, 5fb1b9d9e1af060017709395
22, a, 5fb1b9d9e1af06001770939c
23, a, 5fb1b9d9e1af0600177093a4
24, a, 5fb1b9d9e1af0600177093ad
25, a, 5fb1b9d9e1af0600177093b4
26, a, 5fb1b9dae1af0600177093bb
27, a, 5fb1b9dae1af0600177093c2
28, a, 5fb1b9dae1af0600177093c8
29, a, 5fb1b9dae1af0600177093d1
29, b, 5fb1b9dae1af0600177093d7
30, a, 5fb1b9dae1af0600177093dd
30, b, 5fb1b9dae1af0600177093e4
31, a, 5fb1b9dae1af0600177093eb
32, a, 5fb1b9dae1af0600177093f2
32, b, 5fb1b9dae1af0600177093f9
32, e, 5fb1b9dae1af060017709400
32, f, 5fb1b9dae1af060017709406
33, a, 5fb1b9dae1af06001770940c
34, a, 5fb1b9dae1af060017709412
35, a, 5fb1b9dae1af060017709418
36, a, 5fb1b9dae1af06001770941e
36, b, 5fb1b9dae1af060017709424
37, a, 5fb1b9dae1af06001770942a
38, a, 5fb1b9dae1af060017709430
39, a, 5fb1b9dae1af060017709438
39, b, 5fb1b9dae1af06001770943e
39, c, 5fb1b9dae1af060017709444
39, d, 5fb1b9dae1af06001770944a
40, a, 5fb1b9dae1af060017709450
41, a, 5fb1b9dbe1af060017709457
42, a, 5fb1b9dbe1af06001770945d
42.5, a, 5fb1b9dbe1af060017709463
43, a, 5fb1b9dbe1af06001770946a
44, a, 5fb1b9dbe1af060017709471
44, b, 5fb1b9dbe1af060017709478
45, a, 5fb1b9dbe1af06001770947f
45, b, 5fb1b9dbe1af060017709485
46, a, 5fb1b9dbe1af06001770948b
46, b, 5fb1b9dbe1af060017709491
46, c, 5fb1b9dbe1af060017709498
47, a, 5fb1b9dbe1af06001770949e
48, a, 5fb1b9dbe1af0600177094a4
48, b, 5fb1b9dbe1af0600177094aa
49, a, 5fb1b9dbe1af0600177094b0
49, c, 5fb1b9dbe1af0600177094b7
50, a, 5fb1b9dbe1af0600177094bd
51, a, 5fb1b9dbe1af0600177094c4
51, b, 5fb1b9dbe1af0600177094cb
51, c, 5fb1b9dbe1af0600177094d1
52, a, 5fb1b9dbe1af0600177094d7
53, a, 5fb1b9dbe1af0600177094dd
54, a, 5fb1b9dbe1af0600177094e3
54, b, 5fb1b9dbe1af0600177094e9
54, c, 5fb1b9dbe1af0600177094ef
54, d, 5fb1b9dbe1af0600177094f5
54, e, 5fb1b9dbe1af0600177094fb
54, f, 5fb1b9dbe1af060017709502
54, g, 5fb1b9dbe1af060017709508
55, a, 5fb1b9dbe1af06001770950e
55, c, 5fb1b9dbe1af060017709515
56, a, 5fb1b9dbe1af06001770951c
56, d, 5fb1b9dbe1af060017709522
57, a, 5fb1b9dbe1af060017709528
58, a, 5fb1b9dbe1af06001770952e
58, b, 5fb1b9dce1af060017709534
59, a, 5fb1b9dce1af06001770953b
60, a, 5fb1b9dce1af060017709543
61, a, 5fb1b9dce1af060017709549
62, a, 5fb1b9dce1af06001770954f
62, b, 5fb1b9dce1af060017709557
63, a, 5fb1b9dce1af06001770955e
63, b, 5fb1b9dce1af060017709565
63, d, 5fb1b9dce1af06001770956c
63, f, 5fb1b9dce1af060017709573
63, g, 5fb1b9dce1af06001770957a
64, a, 5fb1b9dce1af060017709581
64, b, 5fb1b9dce1af060017709589
65, a, 5fb1b9dce1af060017709591
65, d, 5fb1b9dce1af060017709597
66, a, 5fb1b9dce1af06001770959d
66, c, 5fb1b9dce1af0600177095a5
67, a, 5fb1b9dce1af0600177095ab
67, b, 5fb1b9dce1af0600177095b2
67, c, 5fb1b9dde1af0600177095b9
68, a, 5fb1b9dde1af0600177095c0
69, a, 5fb1b9dde1af0600177095c7
69, b, 5fb1b9dde1af0600177095ce
70, a, 5fb1b9dde1af0600177095d5
71, a, 5fb1b9dde1af0600177095dc
71, b, 5fb1b9dde1af0600177095e3
71, e, 5fb1b9dde1af0600177095ea
71, f, 5fb1b9dde1af0600177095f1
71, g, 5fb1b9dde1af0600177095f8
71, h, 5fb1b9dde1af0600177095ff
71, i, 5fb1b9dde1af060017709606
71, l, 5fb1b9dde1af06001770960e
72, a, 5fb1b9dde1af060017709617
73, b, 5fb1b9dde1af06001770961d
73, c, 5fb1b9dde1af060017709623
74, a, 5fb1b9dde1af06001770962a
75, a, 5fb1b9dde1af060017709630
76, a, 5fb1b9dde1af060017709639
77, a, 5fb1b9dde1af060017709640
77, b, 5fb1b9dde1af060017709649
78, a, 5fb1b9dde1af060017709652
79, a, 5fb1b9dee1af060017709659
80, a, 5fb1b9dee1af06001770965f
80, b, 5fb1b9dee1af060017709665
80, d, 5fb1b9dee1af06001770966b
81, a, 5fb1b9dee1af060017709671
82, a, 5fb1b9dee1af060017709677
83, a, 5fb1b9dee1af06001770967e
83, c, 5fb1b9dee1af060017709685
83, e, 5fb1b9dee1af06001770968b
83, f, 5fb1b9dee1af060017709692
83, g, 5fb1b9dee1af060017709698
83, h, 5fb1b9dee1af06001770969e
84, a, 5fb1b9dee1af0600177096a6
85, a, 5fb1b9dee1af0600177096ac
86, a, 5fb1b9dee1af0600177096b3
86, c, 5fb1b9dee1af0600177096ba
86, d, 5fb1b9dee1af0600177096c1
87, a, 5fb1b9dee1af0600177096c8
88, a, 5fb1b9dee1af0600177096ce
89, a, 5fb1b9dee1af0600177096d6
90, a, 5fb1b9dfe1af0600177096de
91, a, 5fb1b9dfe1af0600177096e6
91, c, 5fb1b9dfe1af0600177096ee
92, a, 5fb1b9dfe1af0600177096f4
93, a, 5fb1b9dfe1af0600177096fc
93, b, 5fb1b9dfe1af060017709702
93, e, 5fb1b9dfe1af060017709709
94, a, 5fb1b9dfe1af06001770970f
94, b, 5fb1b9dfe1af060017709715
94, d, 5fb1b9dfe1af06001770971d
95, a, 5fb1b9dfe1af060017709724
95, c, 5fb1b9dfe1af06001770972a
96, a, 5fb1b9dfe1af060017709730
97, a, 5fb1b9dfe1af060017709736
97, b, 5fb1b9dfe1af06001770973d
97, d, 5fb1b9dfe1af060017709744
98, a, 5fb1b9dfe1af06001770974b
98, c, 5fb1b9dfe1af060017709752
98, e, 5fb1b9dfe1af060017709758
99, a, 5fb1b9dfe1af06001770975f
99, b, 5fb1b9dfe1af060017709766
99, c, 5fb1b9dfe1af06001770976e
100, a, 5fb1b9dfe1af060017709776
101, a, 5fb1b9dfe1af06001770977d
101, c, 5fb1b9dfe1af060017709784
102, a, 5fb1b9e0e1af06001770978b
103, a, 5fb1b9e0e1af060017709792
103, b, 5fb1b9e0e1af060017709798
104, a, 5fb1b9e0e1af06001770979e
104, c, 5fb1b9e0e1af0600177097ab
105, a, 5fb1b9e0e1af0600177097b1
106, a, 5fb1b9e0e1af0600177097b8
107, a, 5fb1b9e0e1af0600177097c0
107, b, 5fb1b9e0e1af0600177097c8
107, c, 5fb1b9e0e1af0600177097d0
108, a, 5fb1b9e0e1af0600177097d8
108, b, 5fb1b9e0e1af0600177097e0
109, a, 5fb1b9e0e1af0600177097e8
109, b, 5fb1b9e0e1af0600177097ef
110, a, 5fb1b9e0e1af0600177097f6
110, b, 5fb1b9e0e1af0600177097ff
110, c, 5fb1b9e1e1af060017709806
111, a, 5fb1b9e1e1af06001770980d
112, a, 5fb1b9e1e1af060017709813
112, b, 5fb1b9e1e1af060017709819
112, c, 5fb1b9e1e1af06001770981f
113, a, 5fb1b9e1e1af060017709825
114, a, 5fb1b9e1e1af06001770982b
115, a, 5fb1b9e1e1af060017709831
116, a, 5fb1b9e1e1af060017709838
117, a, 5fb1b9e1e1af060017709842
118, a, 5fb1b9e1e1af060017709849
118, b, 5fb1b9e1e1af060017709851
118, c, 5fb1b9e1e1af060017709857
118, d, 5fb1b9e1e1af06001770985d
118, e, 5fb1b9e1e1af060017709863
119, a, 5fb1b9e1e1af06001770986a
119, b, 5fb1b9e1e1af060017709871
120, a, 5fb1b9e1e1af060017709877
121, a, 5fb1b9e1e1af06001770987e
121, d, 5fb1b9e1e1af060017709885
122, a, 5fb1b9e1e1af06001770988c
123, a, 5fb1b9e1e1af060017709895
124, a, 5fb1b9e1e1af06001770989f
125, a, 5fb1b9e1e1af0600177098a7
126, a, 5fb1b9e1e1af0600177098ae
126, b, 5fb1b9e2e1af0600177098b5
126, c, 5fb1b9e2e1af0600177098bb
126, d, 5fb1b9e2e1af0600177098c1
127, a, 5fb1b9e2e1af0600177098c7
127, b, 5fb1b9e2e1af0600177098cf
127, d, 5fb1b9e2e1af0600177098d5
128, a, 5fb1b9e2e1af0600177098db
128, c, 5fb1b9e2e1af0600177098e1
129, b, 5fb1b9e2e1af0600177098e7
129, d, 5fb1b9e2e1af0600177098ee
129, e, 5fb1b9e2e1af0600177098f4
130, a, 5fb1b9e2e1af0600177098fa
131, a, 5fb1b9e2e1af060017709902
131, b, 5fb1b9e2e1af060017709909
132, a, 5fb1b9e2e1af060017709910
133, a, 5fb1b9e2e1af06001770991b
133, b, 5fb1b9e2e1af060017709923
133, c, 5fb1b9e2e1af06001770992a
134, a, 5fb1b9e2e1af060017709932
135, a, 5fb1b9e2e1af06001770993a
136, a, 5fb1b9e2e1af060017709942
137, a, 5fb1b9e2e1af060017709948
137, b, 5fb1b9e2e1af06001770994f
137, c, 5fb1b9e3e1af060017709956
138, a, 5fb1b9e3e1af06001770995d
138, b, 5fb1b9e3e1af060017709964
138, c, 5fb1b9e3e1af06001770996c
139, a, 5fb1b9e3e1af060017709974
139, c, 5fb1b9e3e1af06001770997a
140, a, 5fb1b9e3e1af060017709980
140, b, 5fb1b9e3e1af060017709986
141, a, 5fb1b9e3e1af06001770998c
142, a, 5fb1b9e3e1af060017709995
142, b, 5fb1b9e3e1af06001770999c
143, a, 5fb1b9e3e1af0600177099a3
144, a, 5fb1b9e3e1af0600177099aa
144, b, 5fb1b9e3e1af0600177099b1
144, c, 5fb1b9e3e1af0600177099b8
144, d, 5fb1b9e3e1af0600177099bf
145, a, 5fb1b9e3e1af0600177099c6
146, a, 5fb1b9e3e1af0600177099cd
147, a, 5fb1b9e3e1af0600177099d7
147, c, 5fb1b9e4e1af0600177099de
148, a, 5fb1b9e4e1af0600177099e5
148, b, 5fb1b9e4e1af0600177099eb
149, a, 5fb1b9e4e1af0600177099f5
150, a, 5fb1b9e4e1af0600177099fc
150, b, 5fb1b9e4e1af060017709a03
150, c, 5fb1b9e4e1af060017709a0a
150, d, 5fb1b9e4e1af060017709a11
151, a, 5fb1b9e4e1af060017709a18
152, a, 5fb1b9e4e1af060017709a21
152, b, 5fb1b9e4e1af060017709a28
153, b, 5fb1b9e4e1af060017709a2f
154, a, 5fb1b9e4e1af060017709a36
154, c, 5fb1b9e4e1af060017709a3d
155, a, 5fb1b9e4e1af060017709a44
156, a, 5fb1b9e4e1af060017709a4c
157, a, 5fb1b9e4e1af060017709a53
157, d, 5fb1b9e4e1af060017709a59
158, a, 5fb1b9e4e1af060017709a5f
158, b, 5fb1b9e4e1af060017709a66
901, a, 5fb1b9e4e1af060017709a6e
901, b, 5fb1b9e4e1af060017709a75
901, c, 5fb1b9e5e1af060017709a7c
159, a, 5fb1b9e5e1af060017709a83
160, a, 5fb1b9e5e1af060017709a89
160, b, 5fb1b9e5e1af060017709a8f
161, a, 5fb1b9e5e1af060017709a95
162, a, 5fb1b9e5e1af060017709a9f
163, a, 5fb1b9e5e1af060017709aa8
163, b, 5fb1b9e5e1af060017709aae
163, c, 5fb1b9e5e1af060017709ab6
164, a, 5fb1b9e5e1af060017709abd
165, a, 5fb1b9e5e1af060017709ac3
166, a, 5fb1b9e5e1af060017709ac9
166, c, 5fb1b9e5e1af060017709acf
167, a, 5fb1b9e5e1af060017709ad5
168, a, 5fb1b9e5e1af060017709adc
169, a, 5fb1b9e5e1af060017709ae2
170, a, 5fb1b9e5e1af060017709ae9
171, a, 5fb1b9e5e1af060017709aef
171, b, 5fb1b9e5e1af060017709af5
172, a, 5fb1b9e5e1af060017709afc
172, b, 5fb1b9e5e1af060017709b02
174, a, 5fb1b9e5e1af060017709b08
175, a, 5fb1b9e5e1af060017709b0e
176, a, 5fb1b9e6e1af060017709b16
176, c, 5fb1b9e6e1af060017709b1c
177, a, 5fb1b9e6e1af060017709b22
178, a, 5fb1b9e6e1af060017709b2a
178, c, 5fb1b9e6e1af060017709b32
178, d, 5fb1b9e6e1af060017709b3a
179, a, 5fb1b9e6e1af060017709b42
179, e, 5fb1b9e6e1af060017709b49
179, f, 5fb1b9e6e1af060017709b50
184, a, 5fb1b9e6e1af060017709b57
185, a, 5fb1b9e6e1af060017709b5d
185, b, 5fb1b9e6e1af060017709b63
186, a, 5fb1b9e6e1af060017709b69
186, b, 5fb1b9e6e1af060017709b6f
186.5, a, 5fb1b9e6e1af060017709b75
187, a, 5fb1b9e6e1af060017709b7d
188, a, 5fb1b9e6e1af060017709b83
188, b, 5fb1b9e6e1af060017709b89
189, a, 5fb1b9e6e1af060017709b90
190, a, 5fb1b9e6e1af060017709b96
191, a, 5fb1b9e6e1af060017709b9c
192, a, 5fb1b9e6e1af060017709ba2
193, a, 5fb1b9e6e1af060017709ba8
193, c, 5fb1b9e6e1af060017709baf
193, d, 5fb1b9e6e1af060017709bb6
194, a, 5fb1b9e6e1af060017709bbd
194, b, 5fb1b9e7e1af060017709bc4
194, c, 5fb1b9e7e1af060017709bcb
195, a, 5fb1b9e7e1af060017709bd2
195, b, 5fb1b9e7e1af060017709bd9
195, c, 5fb1b9e7e1af060017709be0
196, a, 5fb1b9e7e1af060017709be7
197, a, 5fb1b9e7e1af060017709bee
197, d, 5fb1b9e7e1af060017709bf6
198, a, 5fb1b9e7e1af060017709bfd
199, a, 5fb1b9e7e1af060017709c04
199, b, 5fb1b9e7e1af060017709c0b
199, c, 5fb1b9e7e1af060017709c12
199, d, 5fb1b9e7e1af060017709c19
199, e, 5fb1b9e7e1af060017709c20
200, a, 5fb1b9e7e1af060017709c27
200, d, 5fb1b9e7e1af060017709c2d
201, a, 5fb1b9e7e1af060017709c33
201, b, 5fb1b9e7e1af060017709c3a
202, a, 5fb1b9e7e1af060017709c43
202, b, 5fb1b9e7e1af060017709c4b
203, a, 5fb1b9e8e1af060017709c53
203, b, 5fb1b9e8e1af060017709c5b
949, a, 5fb1b9e8e1af060017709c63
204, a, 5fb1b9e8e1af060017709c6a
204, b, 5fb1b9e8e1af060017709c71
904, a, 5fb1b9e8e1af060017709c78
205, a, 5fb1b9e8e1af060017709c7f
205, c, 5fb1b9e8e1af060017709c86
206, a, 5fb1b9e8e1af060017709c8d
207, a, 5fb1b9e8e1af060017709c95
207, b, 5fb1b9e8e1af060017709c9d
208, a, 5fb1b9e8e1af060017709ca5
208, b, 5fb1b9e8e1af060017709cac
208, e, 5fb1b9e8e1af060017709cb4
903, a, 5fb1b9e8e1af060017709cbb
209, a, 5fb1b9e8e1af060017709cc3
210, a, 5fb1b9e8e1af060017709cca
210, d, 5fb1b9e8e1af060017709cd3
210, e, 5fb1b9e8e1af060017709cdd
211, a, 5fb1b9e9e1af060017709ce7
211, d, 5fb1b9e9e1af060017709cf0
211, e, 5fb1b9e9e1af060017709cfa
212, a, 5fb1b9e9e1af060017709d04
213, b, 5fb1b9e9e1af060017709d0d
213, e, 5fb1b9e9e1af060017709d15
214, a, 5fb1b9e9e1af060017709d1e
214, b, 5fb1b9e9e1af060017709d25
215, a, 5fb1b9e9e1af060017709d2b
215, b, 5fb1b9e9e1af060017709d31
215, c, 5fb1b9e9e1af060017709d37
215, e, 5fb1b9e9e1af060017709d3d
216, a, 5fb1b9e9e1af060017709d43
217, a, 5fb1b9e9e1af060017709d49
218, a, 5fb1b9e9e1af060017709d51
219, a, 5fb1b9e9e1af060017709d5b
220, a, 5fb1b9e9e1af060017709d62
221, a, 5fb1b9e9e1af060017709d69
221, b, 5fb1b9e9e1af060017709d6f
222, a, 5fb1b9e9e1af060017709d76
222, d, 5fb1b9e9e1af060017709d7d
222, e, 5fb1b9e9e1af060017709d84
223, a, 5fb1b9eae1af060017709d8c
224, a, 5fb1b9eae1af060017709d93
225, a, 5fb1b9eae1af060017709d9b
226, a, 5fb1b9eae1af060017709da4
226, c, 5fb1b9eae1af060017709dab
227, a, 5fb1b9eae1af060017709db2
228, a, 5fb1b9eae1af060017709db9
229, a, 5fb1b9eae1af060017709dc2
229, b, 5fb1b9eae1af060017709dca
229, c, 5fb1b9eae1af060017709dd4
230, a, 5fb1b9eae1af060017709ddd
231, a, 5fb1b9eae1af060017709de5
232, a, 5fb1b9eae1af060017709dec
233, a, 5fb1b9eae1af060017709df3
234, a, 5fb1b9eae1af060017709dfa
234, c, 5fb1b9eae1af060017709e02
234, d, 5fb1b9eae1af060017709e09
235, a, 5fb1b9eae1af060017709e10
236, a, 5fb1b9eae1af060017709e17
237, a, 5fb1b9eae1af060017709e1e
238, a, 5fb1b9ebe1af060017709e25
238, b, 5fb1b9ebe1af060017709e2c
239, a, 5fb1b9ebe1af060017709e33
239, b, 5fb1b9ebe1af060017709e3a
240, a, 5fb1b9ebe1af060017709e41
241, a, 5fb1b9ebe1af060017709e47
242, b, 5fb1b9ebe1af060017709e4d
242, a, 5fb1b9ebe1af060017709e53
243, a, 5fb1b9ebe1af060017709e5a
243, c, 5fb1b9ebe1af060017709e63
244, a, 5fb1b9ebe1af060017709e6b
244, c, 5fb1b9ebe1af060017709e72
245, a, 5fb1b9ebe1af060017709e78
245, b, 5fb1b9ebe1af060017709e7f
246, a, 5fb1b9ebe1af060017709e85
247, a, 5fb1b9ebe1af060017709e8c
248, a, 5fb1b9ebe1af060017709e93
249, a, 5fb1b9ebe1af060017709e99
250, a, 5fb1b9ebe1af060017709ea0
251, a, 5fb1b9ebe1af060017709ea6
252, a, 5fb1b9ebe1af060017709ead
252, b, 5fb1b9ebe1af060017709eb3
180, a, 5fb1b9ebe1af060017709eb9
180, c, 5fb1b9ece1af060017709ec2
181, a, 5fb1b9ece1af060017709ec9
181, c, 5fb1b9ece1af060017709ed1
181, d, 5fb1b9ece1af060017709ed7
902, a, 5fb1b9ece1af060017709edd
253, a, 5fb1b9ece1af060017709ee4
253, b, 5fb1b9ece1af060017709eec
253, c, 5fb1b9ece1af060017709ef4
253, d, 5fb1b9ece1af060017709efc
254, a, 5fb1b9ece1af060017709f04
255, a, 5fb1b9ece1af060017709f0d
255, b, 5fb1b9ede1af060017709f14
255.5, a, 5fb1b9ede1af060017709f1b
255.5, b, 5fb1b9ede1af060017709f22
256, a, 5fb1b9ede1af060017709f29
257, a, 5fb1b9ede1af060017709f2f
257, b, 5fb1b9ede1af060017709f35
258, a, 5fb1b9ede1af060017709f3b
258, b, 5fb1b9ede1af060017709f41
258, c, 5fb1b9ede1af060017709f47
259, a, 5fb1b9ede1af060017709f4e
260, a, 5fb1b9ede1af060017709f54
261, a, 5fb1b9ede1af060017709f5a
262, a, 5fb1b9ede1af060017709f60
263, a, 5fb1b9ede1af060017709f67
264, a, 5fb1b9ede1af060017709f72
264, c, 5fb1b9ede1af060017709f7b
265, a, 5fb1b9ede1af060017709f83
266, a, 5fb1b9ede1af060017709f8b
266, c, 5fb1b9ede1af060017709f93
267, a, 5fb1b9ede1af060017709f9c
267, b, 5fb1b9ede1af060017709fa5
267, c, 5fb1b9ede1af060017709fad
268, a, 5fb1b9ede1af060017709fb6
269, a, 5fb1b9ede1af060017709fc1
270, a, 5fb1b9eee1af060017709fc9
271, a, 5fb1b9eee1af060017709fd2
272, a, 5fb1b9eee1af060017709fdb
273, a, 5fb1b9eee1af060017709fe4
274, a, 5fb1b9eee1af060017709feb
274, b, 5fb1b9eee1af060017709ff3
275, a, 5fb1b9eee1af060017709ffb
276, a, 5fb1b9eee1af06001770a004
277, a, 5fb1b9eee1af06001770a00c
278, a, 5fb1b9eee1af06001770a014
279, a, 5fb1b9eee1af06001770a01c
280, a, 5fb1b9eee1af06001770a025
281, a, 5fb1b9eee1af06001770a02e
282, a, 5fb1b9efe1af06001770a035
283, a, 5fb1b9efe1af06001770a03e
284, a, 5fb1b9efe1af06001770a044
284, d, 5fb1b9efe1af06001770a04a
285, a, 5fb1b9efe1af06001770a050
285, b, 5fb1b9efe1af06001770a056
286, a, 5fb1b9efe1af06001770a05c
287, a, 5fb1b9efe1af06001770a062
287, b, 5fb1b9efe1af06001770a068
288, a, 5fb1b9efe1af06001770a06e
288, b, 5fb1b9efe1af06001770a074
289, a, 5fb1b9efe1af06001770a07a
290, a, 5fb1b9efe1af06001770a082
291, a, 5fb1b9efe1af06001770a089
292, a, 5fb1b9efe1af06001770a093
292, c, 5fb1b9efe1af06001770a09b
293, a, 5fb1b9efe1af06001770a0a3
293, b, 5fb1b9efe1af06001770a0ab
293, d, 5fb1b9efe1af06001770a0b4
930, a, 5fb1b9f0e1af06001770a0bc
294, a, 5fb1b9f0e1af06001770a0c4
294, d, 5fb1b9f0e1af06001770a0cd
295, a, 5fb1b9f0e1af06001770a0d5
296, a, 5fb1b9f0e1af06001770a0dd
297, a, 5fb1b9f0e1af06001770a0e9
297, c, 5fb1b9f0e1af06001770a0f0
298, a, 5fb1b9f0e1af06001770a0f7
299, a, 5fb1b9f0e1af06001770a100
299, c, 5fb1b9f0e1af06001770a107
299, e, 5fb1b9f0e1af06001770a10e
300, a, 5fb1b9f0e1af06001770a115
300, d, 5fb1b9f0e1af06001770a11c
301, a, 5fb1b9f0e1af06001770a123
301.5, a, 5fb1b9f0e1af06001770a129
302, a, 5fb1b9f0e1af06001770a12f
302, b, 5fb1b9f0e1af06001770a135
302, c, 5fb1b9f0e1af06001770a13b
302, e, 5fb1b9f0e1af06001770a142
302, f, 5fb1b9f0e1af06001770a149
303, a, 5fb1b9f0e1af06001770a152
303, b, 5fb1b9f0e1af06001770a158
303, c, 5fb1b9f1e1af06001770a162
303, d, 5fb1b9f1e1af06001770a168
303, e, 5fb1b9f1e1af06001770a16f
304, a, 5fb1b9f1e1af06001770a175
304.5, a, 5fb1b9f1e1af06001770a17c
305, b, 5fb1b9f1e1af06001770a187
305, e, 5fb1b9f1e1af06001770a18e
306, b, 5fb1b9f1e1af06001770a195
306, e, 5fb1b9f1e1af06001770a19f
308, a, 5fb1b9f1e1af06001770a1a9
309, a, 5fb1b9f1e1af06001770a1b2
309, c, 5fb1b9f1e1af06001770a1ba
310, a, 5fb1b9f1e1af06001770a1c1
310, b, 5fb1b9f1e1af06001770a1c9
310, c, 5fb1b9f1e1af06001770a1d0
311, a, 5fb1b9f1e1af06001770a1d7
311, b, 5fb1b9f1e1af06001770a1df
311, c, 5fb1b9f1e1af06001770a1e6
311, e, 5fb1b9f2e1af06001770a1ee
312, a, 5fb1b9f2e1af06001770a1f5
312, c, 5fb1b9f2e1af06001770a1fb
312, e, 5fb1b9f2e1af06001770a201
313, a, 5fb1b9f2e1af06001770a207
313, b, 5fb1b9f2e1af06001770a20e
314, a, 5fb1b9f2e1af06001770a215
314, b, 5fb1b9f2e1af06001770a21d
315, a, 5fb1b9f2e1af06001770a226
315, d, 5fb1b9f2e1af06001770a231
315, e, 5fb1b9f2e1af06001770a238
316, a, 5fb1b9f2e1af06001770a23f
317, a, 5fb1b9f2e1af06001770a247
317, b, 5fb1b9f2e1af06001770a24e
318, a, 5fb1b9f2e1af06001770a255
318, c, 5fb1b9f2e1af06001770a25f
318, d, 5fb1b9f2e1af06001770a267
319, a, 5fb1b9f2e1af06001770a26d
319, d, 5fb1b9f2e1af06001770a274
320, a, 5fb1b9f2e1af06001770a27b
321, a, 5fb1b9f2e1af06001770a282
321, b, 5fb1b9f3e1af06001770a288
321, c, 5fb1b9f3e1af06001770a28e
322, a, 5fb1b9f3e1af06001770a294
323, a, 5fb1b9f3e1af06001770a29a
324, a, 5fb1b9f3e1af06001770a2a2
324, b, 5fb1b9f3e1af06001770a2a9
325, a, 5fb1b9f3e1af06001770a2b0
325, b, 5fb1b9f3e1af06001770a2b7
326, a, 5fb1b9f3e1af06001770a2be
326, d, 5fb1b9f3e1af06001770a2c7
327, a, 5fb1b9f3e1af06001770a2ce
327, b, 5fb1b9f3e1af06001770a2d4
327, d, 5fb1b9f3e1af06001770a2da
328, a, 5fb1b9f3e1af06001770a2e1
328, c, 5fb1b9f3e1af06001770a2e8
328, d, 5fb1b9f3e1af06001770a2ee
328, f, 5fb1b9f3e1af06001770a2f4
329, a, 5fb1b9f3e1af06001770a2fc
330, a, 5fb1b9f3e1af06001770a302
330, b, 5fb1b9f3e1af06001770a30a
951, a, 5fb1b9f4e1af06001770a313
331, a, 5fb1b9f4e1af06001770a319
331, b, 5fb1b9f4e1af06001770a31f
332, a, 5fb1b9f4e1af06001770a325
333, a, 5fb1b9f4e1af06001770a32e
334, a, 5fb1b9f4e1af06001770a336
950, a, 5fb1b9f4e1af06001770a33e
335, a, 5fb1b9f4e1af06001770a345
336, a, 5fb1b9f4e1af06001770a34b
336, b, 5fb1b9f4e1af06001770a351
337, a, 5fb1b9f4e1af06001770a357
337, b, 5fb1b9f4e1af06001770a35d
338, a, 5fb1b9f4e1af06001770a363
339, a, 5fb1b9f4e1af06001770a36b
339, b, 5fb1b9f4e1af06001770a371
340, a, 5fb1b9f4e1af06001770a377
910, a, 5fb1b9f4e1af06001770a37e
911, a, 5fb1b9f5e1af06001770a385
911, b, 5fb1b9f5e1af06001770a38c
912, a, 5fb1b9f5e1af06001770a393
913, a, 5fb1b9f5e1af06001770a39a
914, a, 5fb1b9f5e1af06001770a3a3
914, b, 5fb1b9f5e1af06001770a3aa
342, a, 5fb1b9f5e1af06001770a3b1
342, b, 5fb1b9f5e1af06001770a3b8
342, d, 5fb1b9f5e1af06001770a3bf
915, a, 5fb1b9f5e1af06001770a3c6
915, b, 5fb1b9f5e1af06001770a3cd
915, c, 5fb1b9f5e1af06001770a3d4
916, a, 5fb1b9f5e1af06001770a3db
916, b, 5fb1b9f5e1af06001770a3e2
916, c, 5fb1b9f5e1af06001770a3e9
917, a, 5fb1b9f5e1af06001770a3f0
918, a, 5fb1b9f5e1af06001770a3f7
918, b, 5fb1b9f5e1af06001770a3fe
341, a, 5fb1b9f5e1af06001770a405
343, a, 5fb1b9f5e1af06001770a40c
343, b, 5fb1b9f5e1af06001770a414
344, a, 5fb1b9f5e1af06001770a41c
944, a, 5fb1b9f5e1af06001770a423
345, a, 5fb1b9f5e1af06001770a42a
346, a, 5fb1b9f5e1af06001770a431
347, a, 5fb1b9f5e1af06001770a438
350, a, 5fb1b9f6e1af06001770a43f
351, a, 5fb1b9f6e1af06001770a446
351, b, 5fb1b9f6e1af06001770a44c
351, c, 5fb1b9f6e1af06001770a452
351, d, 5fb1b9f6e1af06001770a458
351, e, 5fb1b9f6e1af06001770a45e
352, a, 5fb1b9f6e1af06001770a464
352, b, 5fb1b9f6e1af06001770a46a
353, a, 5fb1b9f6e1af06001770a470
954, a, 5fb1b9f6e1af06001770a476
354, a, 5fb1b9f6e1af06001770a47d
354, c, 5fb1b9f6e1af06001770a484
355, a, 5fb1b9f6e1af06001770a48a
355, b, 5fb1b9f6e1af06001770a490
956, a, 5fb1b9f6e1af06001770a496
356, a, 5fb1b9f6e1af06001770a49c
357, a, 5fb1b9f6e1af06001770a4a3
358, a, 5fb1b9f6e1af06001770a4aa
358, b, 5fb1b9f6e1af06001770a4b2
358, c, 5fb1b9f6e1af06001770a4b9
358, d, 5fb1b9f6e1af06001770a4c0
358, e, 5fb1b9f6e1af06001770a4c7
